Name,Phone Number,Buyer/Channel Partner/Enquiry/Site Visit,Role
Hari Subramanian,6682751893,Enquiry,UNKNOWN
Siddharth Tripathi,7564209312,Buyer,BUYER
Anand Pillai,6941460145,Site Visit,SITE_VISIT
Anika Verma,7265774428,Buyer,BUYER
Rahul Kulkarni,9064578569,Enquiry,UNKNOWN
Diya Shetty,8960094575,Buyer,BUYER
Krishna Roy,8234300072,Enquiry,UNKNOWN
Tanvi Reddy,9105578047,Channel Partner,CHANNEL_PARTNER
Shreya Iyer,7711435375,Buyer,BUYER
Vikram Iyer,6193180901,Site Visit,SITE_VISIT
Dinesh Tripathi,9618011434,Buyer,BUYER
Suresh Sundaram,6510663316,Channel Partner,CHANNEL_PARTNER
Nisha Gupta,9829126485,Buyer,BUYER
Aditya Krishnan,8731762453,Channel Partner,CHANNEL_PARTNER
Azhagu Rao,9293853730,Site Visit,SITE_VISIT
Divya Mukherjee,7279311607,Channel Partner,CHANNEL_PARTNER
Vivaan Reddy,7327767523,Buyer,BUYER
Sneha Das,6932170500,Site Visit,SITE_VISIT
Ramesh Verma,9568645436,Site Visit,SITE_VISIT
Vihaan Bhat,7374632477,Site Visit,SITE_VISIT
Gopal Patel,9169195408,Site Visit,SITE_VISIT
Gopal Chauhan,8762315986,Channel Partner,CHANNEL_PARTNER
Ayaan Yadav,6490300165,Buyer,BUYER
Hari Joshi,7340629397,Enquiry,UNKNOWN
Diya Shetty,7177195771,Site Visit,SITE_VISIT
Vihaan Jain,7587127390,Channel Partner,CHANNEL_PARTNER
Sai Arora,6390323177,Buyer,BUYER
Ira Kulkarni,8648913600,Buyer,BUYER
Aarav Jain,8207030495,Buyer,BUYER
Arjun Reddy,6223105030,Channel Partner,CHANNEL_PARTNER
Neha Kumar,8936388913,Enquiry,UNKNOWN
Aditya Naidu,8246128778,Enquiry,UNKNOWN
Dinesh Jain,6865368740,Enquiry,UNKNOWN
Krishna Pandey,7923574064,Site Visit,SITE_VISIT
Divya Pillai,8559554478,Buyer,BUYER
Arjun Malhotra,7240770966,Channel Partner,CHANNEL_PARTNER
Shreya Rao,7095768375,Channel Partner,CHANNEL_PARTNER
Neha Mukherjee,8137116632,Enquiry,UNKNOWN
Sneha Narayanan,9006798755,Enquiry,UNKNOWN
Azhagu Jain,6022021263,Enquiry,UNKNOWN
Naveen Balaji,9320083188,Buyer,BUYER
Vihaan Rao,8026424848,Site Visit,SITE_VISIT
Vasudevan Tripathi,6114459232,Site Visit,SITE_VISIT
Nisha Nair,8652792943,Channel Partner,CHANNEL_PARTNER
Krishna Venkatesh,6801061210,Channel Partner,CHANNEL_PARTNER
Meera Narayanan,9478274247,Channel Partner,CHANNEL_PARTNER
Ayaan Joshi,9193001215,Channel Partner,CHANNEL_PARTNER
Aditya Jain,7428565653,Site Visit,SITE_VISIT
Azhagu Aggarwal,7294384972,Buyer,BUYER
Vivaan Krishnan,9757600866,Buyer,BUYER
Nisha Kapoor,7821262155,Site Visit,SITE_VISIT
Meera Nair,8408047906,Buyer,BUYER
Nisha Tripathi,7423552326,Site Visit,SITE_VISIT
Shreya Verma,6259577424,Site Visit,SITE_VISIT
Pranav Yadav,7627611614,Buyer,BUYER
Ira Roy,9397040587,Site Visit,SITE_VISIT
Aadhya Chauhan,7103168630,Buyer,BUYER
Navaneethan Mukherjee,7065173961,Buyer,BUYER
Anand Rao,7606243870,Buyer,BUYER
Dinesh Shetty,9056563349,Enquiry,UNKNOWN
Tanvi Arora,9652671671,Channel Partner,CHANNEL_PARTNER
Tanvi Verma,6713783138,Enquiry,UNKNOWN
Riya Tripathi,9608563284,Site Visit,SITE_VISIT
Akash Reddy,7912457063,Buyer,BUYER
Suresh Bhat,9406744218,Enquiry,UNKNOWN
Anand Aggarwal,8403143886,Site Visit,SITE_VISIT
Ganesh Ramaswamy,8927628503,Enquiry,UNKNOWN
Ananya Bhat,7313554459,Site Visit,SITE_VISIT
Ishita Jain,7814949682,Channel Partner,CHANNEL_PARTNER
Aarav Kapoor,6009176565,Enquiry,UNKNOWN
Sai Jain,8411335268,Enquiry,UNKNOWN
Rahul Ramaswamy,6057439230,Site Visit,SITE_VISIT
Aditya Tripathi,7765755391,Enquiry,UNKNOWN
Karthik Kapoor,6083762817,Enquiry,UNKNOWN
Azhagu Pandey,6535027729,Buyer,BUYER
Ayaan Mukherjee,7843230883,Enquiry,UNKNOWN
Anika Kumar,9787038795,Site Visit,SITE_VISIT
Priya Verma,6732105450,Site Visit,SITE_VISIT
Aarav Aggarwal,6433945965,Buyer,BUYER
Vikram Sundaram,8399609007,Channel Partner,CHANNEL_PARTNER
Rohan Reddy,7185252864,Buyer,BUYER
Nisha Tripathi,6654578486,Enquiry,UNKNOWN
Arjun Yadav,9739746410,Channel Partner,CHANNEL_PARTNER
Anika Kapoor,8991237357,Enquiry,UNKNOWN
Shreya Patel,8566474661,Channel Partner,CHANNEL_PARTNER
Janani Kumar,9983702514,Channel Partner,CHANNEL_PARTNER
Hari Reddy,9280197309,Channel Partner,CHANNEL_PARTNER
Ayaan Gupta,9234343039,Channel Partner,CHANNEL_PARTNER
Ramesh Subramanian,7490395764,Site Visit,SITE_VISIT
Harish Naidu,8015451112,Buyer,BUYER
Suresh Bose,7175750309,Buyer,BUYER
Vasudevan Malhotra,9022775753,Enquiry,UNKNOWN
Vivaan Rao,8726719752,Buyer,BUYER
Dinesh Jain,8242560489,Enquiry,UNKNOWN
Reyansh Iyer,7588080098,Site Visit,SITE_VISIT
Ayaan Subramanian,6966675046,Buyer,BUYER
Saanvi Roy,7352337786,Enquiry,UNKNOWN
Ganesh Joshi,6768150114,Site Visit,SITE_VISIT
Arjun Chauhan,7155616383,Enquiry,UNKNOWN
Ishaan Verma,8844616875,Enquiry,UNKNOWN
Dinesh Joshi,9720285613,Enquiry,UNKNOWN
Rohan Joshi,7392010271,Site Visit,SITE_VISIT
Kavya Tripathi,8858006567,Buyer,BUYER
Ananya Joshi,8958225941,Buyer,BUYER
Kavya Mehta,8443425458,Buyer,BUYER
Reyansh Pandey,7503099090,Channel Partner,CHANNEL_PARTNER
Naveen Subramanian,9720866662,Enquiry,UNKNOWN
Myra Bhat,7396103491,Buyer,BUYER
Navaneethan Mehta,8294401555,Site Visit,SITE_VISIT
Tanvi Nair,6657203516,Buyer,BUYER
Ira Ramaswamy,8989885695,Site Visit,SITE_VISIT
Anand Pillai,7409261619,Buyer,BUYER
Dinesh Sundaram,7207372122,Site Visit,SITE_VISIT
Naveen Kapoor,8084749779,Channel Partner,CHANNEL_PARTNER
Ganesh Chatterjee,6556350612,Channel Partner,CHANNEL_PARTNER
Rahul Jain,7001002470,Enquiry,UNKNOWN
Ira Aggarwal,8249885205,Enquiry,UNKNOWN
Ishita Pillai,6353616997,Channel Partner,CHANNEL_PARTNER
Neha Kulkarni,6595421859,Enquiry,UNKNOWN
Sai Rao,7644717618,Buyer,BUYER
Karthik Sundaram,7005620428,Channel Partner,CHANNEL_PARTNER
Neha Kulkarni,9240364141,Channel Partner,CHANNEL_PARTNER
Ganesh Patel,8095724861,Channel Partner,CHANNEL_PARTNER
Sneha Kulkarni,9365163715,Channel Partner,CHANNEL_PARTNER
Dinesh Malhotra,7299414772,Enquiry,UNKNOWN
Rahul Naidu,6132692083,Buyer,BUYER
Sai Kulkarni,7373772733,Site Visit,SITE_VISIT
Pooja Mehta,7511480880,Site Visit,SITE_VISIT
Janani Das,8180946960,Channel Partner,CHANNEL_PARTNER
Priya Sharma,8986758587,Channel Partner,CHANNEL_PARTNER
Ayaan Kulkarni,8463427382,Enquiry,UNKNOWN
Tanvi Narayanan,8184276820,Site Visit,SITE_VISIT
Ishita Menon,9178227325,Channel Partner,CHANNEL_PARTNER
Aditya Chauhan,6471044106,Buyer,BUYER
Gopal Singh,9274499571,Buyer,BUYER
Krishna Subramanian,9964171749,Site Visit,SITE_VISIT
Akash Rao,8999570263,Channel Partner,CHANNEL_PARTNER
Siddharth Narayanan,9367970020,Channel Partner,CHANNEL_PARTNER
Vasudevan Chatterjee,7863296457,Buyer,BUYER
Rahul Shetty,7728558277,Buyer,BUYER
Riya Gupta,9190187346,Buyer,BUYER
Ishita Rao,8598768757,Site Visit,SITE_VISIT
Rohan Yadav,7058366934,Site Visit,SITE_VISIT
Kavya Sundaram,9410511370,Channel Partner,CHANNEL_PARTNER
Riya Kumar,6299571813,Buyer,BUYER
Ishaan Sharma,7473875085,Enquiry,UNKNOWN
Ramesh Aggarwal,6896174750,Site Visit,SITE_VISIT
Naveen Yadav,7782122418,Channel Partner,CHANNEL_PARTNER
Pooja Arora,9476904382,Enquiry,UNKNOWN
Sneha Menon,6295134620,Channel Partner,CHANNEL_PARTNER
Meera Krishnan,7733168887,Enquiry,UNKNOWN
Vihaan Ramaswamy,7321230713,Site Visit,SITE_VISIT
Kavya Naidu,6112772143,Site Visit,SITE_VISIT
Naveen Kumar,7341972986,Channel Partner,CHANNEL_PARTNER
Aditya Roy,8689436097,Site Visit,SITE_VISIT
Lakshmi Kapoor,8509693779,Enquiry,UNKNOWN
Reyansh Rao,7872891034,Enquiry,UNKNOWN
Ananya Pillai,6020502980,Enquiry,UNKNOWN
Nisha Krishnan,6418475289,Site Visit,SITE_VISIT
Ira Singh,6067712977,Enquiry,UNKNOWN
Anika Pandey,9036356421,Buyer,BUYER
Ira Kapoor,7074766470,Channel Partner,CHANNEL_PARTNER
Reyansh Roy,9455907545,Channel Partner,CHANNEL_PARTNER
Vivaan Pandey,9336836298,Buyer,BUYER
Anand Balaji,8725607708,Channel Partner,CHANNEL_PARTNER
Aarav Krishnan,7811563469,Buyer,BUYER
Karthik Roy,8015609946,Enquiry,UNKNOWN
Ganesh Chauhan,9346708639,Site Visit,SITE_VISIT
Lakshmi Patel,7301491913,Site Visit,SITE_VISIT
Kavya Pillai,8907288426,Buyer,BUYER
Neha Chauhan,9506592288,Site Visit,SITE_VISIT
Anika Nair,7080641008,Channel Partner,CHANNEL_PARTNER
Nisha Pillai,7195028486,Enquiry,UNKNOWN
Sai Bose,6866192115,Buyer,BUYER
Naveen Singh,6709173074,Enquiry,UNKNOWN
Nisha Aggarwal,7196190933,Buyer,BUYER
Vasudevan Naidu,8459437746,Buyer,BUYER
Akash Menon,7368846023,Enquiry,UNKNOWN
Diya Narayanan,6554076806,Buyer,BUYER
Janani Sharma,7349640981,Channel Partner,CHANNEL_PARTNER
Krishna Arora,9458372328,Site Visit,SITE_VISIT
Ira Das,9670412606,Enquiry,UNKNOWN
Divya Mehta,9592686870,Site Visit,SITE_VISIT
Aadhya Krishnan,6627041072,Enquiry,UNKNOWN
Krishna Das,6446248641,Buyer,BUYER
Lakshmi Roy,7824972856,Buyer,BUYER
Akash Iyer,9127986777,Site Visit,SITE_VISIT
Suresh Tripathi,9797626609,Channel Partner,CHANNEL_PARTNER
Vasudevan Kumar,9578203283,Buyer,BUYER
Rohan Malhotra,7004278562,Site Visit,SITE_VISIT
Janani Arora,8866453601,Channel Partner,CHANNEL_PARTNER
Janani Rao,6978972821,Site Visit,SITE_VISIT
Lakshmi Kumar,6513518801,Enquiry,UNKNOWN
Ira Chatterjee,9339721639,Site Visit,SITE_VISIT
Shreya Saxena,8322624835,Enquiry,UNKNOWN
Anand Sundaram,9101208334,Enquiry,UNKNOWN
Reyansh Bose,9059667956,Buyer,BUYER
Tanvi Chatterjee,6956048123,Site Visit,SITE_VISIT
Neha Naidu,7319295201,Channel Partner,CHANNEL_PARTNER
Navaneethan Chauhan,8850939577,Buyer,BUYER
Aadhya Aggarwal,9828634581,Enquiry,UNKNOWN
Navaneethan Pillai,8911462457,Enquiry,UNKNOWN
Gopal Saxena,6997894878,Channel Partner,CHANNEL_PARTNER
Sneha Sundaram,9212770756,Site Visit,SITE_VISIT
Dinesh Kulkarni,9247215278,Channel Partner,CHANNEL_PARTNER
Vivaan Chatterjee,6843330740,Enquiry,UNKNOWN
Pooja Roy,8672624980,Site Visit,SITE_VISIT
Vihaan Narayanan,9333626590,Enquiry,UNKNOWN
Anika Naidu,7203639711,Site Visit,SITE_VISIT
Siddharth Yadav,7298468446,Site Visit,SITE_VISIT
Siddharth Malhotra,7618166384,Buyer,BUYER
Nisha Krishnan,9041888172,Channel Partner,CHANNEL_PARTNER
Rahul Gupta,7452646842,Enquiry,UNKNOWN
Neha Kulkarni,6781312842,Channel Partner,CHANNEL_PARTNER
Ganesh Singh,7794450106,Channel Partner,CHANNEL_PARTNER
Sneha Pillai,8028744564,Enquiry,UNKNOWN
Krishna Pandey,7053666440,Buyer,BUYER
Riya Verma,6528009419,Site Visit,SITE_VISIT
Sai Shetty,6818597003,Enquiry,UNKNOWN
Sneha Narayanan,9323748121,Buyer,BUYER
Azhagu Reddy,8965687203,Channel Partner,CHANNEL_PARTNER
Karthik Balaji,8367606524,Channel Partner,CHANNEL_PARTNER
Ananya Balaji,7178619734,Site Visit,SITE_VISIT
Vasudevan Bose,8856438883,Enquiry,UNKNOWN
Ananya Joshi,8195562897,Enquiry,UNKNOWN
Rohan Roy,6988004213,Channel Partner,CHANNEL_PARTNER
Aarav Gupta,8295498411,Buyer,BUYER
Tanvi Venkatesh,6096984637,Buyer,BUYER
Pooja Saxena,7620251464,Site Visit,SITE_VISIT
Aditya Singh,9925586537,Enquiry,UNKNOWN
Meera Verma,9062565801,Channel Partner,CHANNEL_PARTNER
Janani Jain,9686939344,Buyer,BUYER
Nisha Pillai,8834952496,Site Visit,SITE_VISIT
Azhagu Saxena,9076296959,Channel Partner,CHANNEL_PARTNER
Ishita Kapoor,7949585817,Buyer,BUYER
Arjun Iyer,6501801412,Site Visit,SITE_VISIT
Vivaan Sharma,8503969410,Channel Partner,CHANNEL_PARTNER
Reyansh Arora,8309521719,Site Visit,SITE_VISIT
Diya Pandey,9870657802,Enquiry,UNKNOWN
Naveen Chauhan,6819337955,Buyer,BUYER
Meera Kapoor,9053549310,Site Visit,SITE_VISIT
Diya Menon,9620550955,Enquiry,UNKNOWN
Azhagu Ramaswamy,9503937191,Site Visit,SITE_VISIT
Pranav Chatterjee,8648949023,Site Visit,SITE_VISIT
Sai Bose,7479285447,Site Visit,SITE_VISIT
Suresh Kapoor,6863557208,Site Visit,SITE_VISIT
Kavya Balaji,7211764545,Channel Partner,CHANNEL_PARTNER
Pranav Verma,7129708421,Site Visit,SITE_VISIT
Riya Saxena,7862445583,Enquiry,UNKNOWN
Tanvi Balaji,8927089058,Buyer,BUYER
Neha Bose,6154902533,Buyer,BUYER
Siddharth Bose,7894547345,Site Visit,SITE_VISIT
Karthik Sundaram,7260051841,Buyer,BUYER
Azhagu Mukherjee,8227697631,Enquiry,UNKNOWN
Ishaan Nair,9297495674,Buyer,BUYER
Suresh Singh,8044864264,Channel Partner,CHANNEL_PARTNER
Shreya Arora,8377483982,Channel Partner,CHANNEL_PARTNER
Sai Mehta,6794503275,Site Visit,SITE_VISIT
Hari Sundaram,6244513243,Channel Partner,CHANNEL_PARTNER
Vihaan Krishnan,7273023469,Enquiry,UNKNOWN
Rohan Mukherjee,9392256430,Enquiry,UNKNOWN
Ishaan Gupta,7642151581,Enquiry,UNKNOWN
Gopal Ramaswamy,9711754053,Site Visit,SITE_VISIT
Aarav Kapoor,7462011894,Channel Partner,CHANNEL_PARTNER
Tanvi Narayanan,6193408146,Site Visit,SITE_VISIT
Anand Krishnan,9559747675,Enquiry,UNKNOWN
Azhagu Jain,9951414290,Enquiry,UNKNOWN
Priya Sundaram,6137321120,Buyer,BUYER
Reyansh Chauhan,6683226180,Buyer,BUYER
Pranav Patel,9975780964,Buyer,BUYER
Ananya Venkatesh,8826541466,Buyer,BUYER
Ananya Das,7478301914,Site Visit,SITE_VISIT
Ayaan Gupta,9912604378,Site Visit,SITE_VISIT
Shreya Singh,9424956873,Site Visit,SITE_VISIT
Krishna Narayanan,9495056105,Site Visit,SITE_VISIT
Siddharth Sharma,7915346110,Enquiry,UNKNOWN
Ayaan Chauhan,9671371194,Enquiry,UNKNOWN
Riya Kapoor,8221799552,Enquiry,UNKNOWN
Hari Joshi,6406846907,Channel Partner,CHANNEL_PARTNER
Ishaan Chatterjee,8840130027,Channel Partner,CHANNEL_PARTNER
Hari Joshi,8133735134,Enquiry,UNKNOWN
Divya Aggarwal,9175127445,Channel Partner,CHANNEL_PARTNER
Rahul Patel,9954648400,Channel Partner,CHANNEL_PARTNER
Lakshmi Sundaram,9006905517,Buyer,BUYER
Naveen Kulkarni,6664247883,Channel Partner,CHANNEL_PARTNER
Ishaan Sundaram,9720747934,Buyer,BUYER
Aarav Mukherjee,7209986285,Channel Partner,CHANNEL_PARTNER
Diya Menon,9226980712,Site Visit,SITE_VISIT
Rahul Menon,8115064540,Buyer,BUYER
Hari Aggarwal,9869264412,Channel Partner,CHANNEL_PARTNER
Arjun Rao,7709984342,Channel Partner,CHANNEL_PARTNER
Vikram Sharma,8878533614,Channel Partner,CHANNEL_PARTNER
Nisha Chatterjee,7998026903,Site Visit,SITE_VISIT
Harish Mukherjee,7879474324,Enquiry,UNKNOWN
Hari Saxena,8194504814,Enquiry,UNKNOWN
Suresh Balaji,8873984325,Channel Partner,CHANNEL_PARTNER
Arjun Arora,7182155274,Channel Partner,CHANNEL_PARTNER
Reyansh Roy,7967181685,Enquiry,UNKNOWN
Aadhya Malhotra,6829195977,Buyer,BUYER
Krishna Venkatesh,8210968278,Site Visit,SITE_VISIT
Rahul Ramaswamy,9077836894,Enquiry,UNKNOWN
Ishita Tripathi,9724627367,Site Visit,SITE_VISIT
Myra Singh,8352547168,Buyer,BUYER
Ira Roy,8553608464,Buyer,BUYER
Hari Mehta,9324047729,Channel Partner,CHANNEL_PARTNER
Ananya Sundaram,8610725346,Buyer,BUYER
Naveen Iyer,9106346502,Buyer,BUYER
Krishna Subramanian,7830780084,Site Visit,SITE_VISIT
Akash Sundaram,9623544006,Enquiry,UNKNOWN
Meera Subramanian,7752772693,Buyer,BUYER
Saanvi Narayanan,8307919366,Site Visit,SITE_VISIT
Pranav Bhat,6148721296,Site Visit,SITE_VISIT
Vikram Mukherjee,7138500903,Enquiry,UNKNOWN
Lakshmi Nair,9517549456,Channel Partner,CHANNEL_PARTNER
Ananya Kapoor,9796048364,Channel Partner,CHANNEL_PARTNER
Akash Narayanan,6673021503,Site Visit,SITE_VISIT
Shreya Malhotra,8491810458,Buyer,BUYER
Suresh Chauhan,7767032616,Enquiry,UNKNOWN
Aadhya Verma,7502141043,Enquiry,UNKNOWN
Priya Rao,6509845936,Site Visit,SITE_VISIT
Myra Tripathi,6415586638,Channel Partner,CHANNEL_PARTNER
Pranav Joshi,6937588251,Channel Partner,CHANNEL_PARTNER
Ishita Sharma,7015972468,Channel Partner,CHANNEL_PARTNER
Neha Joshi,7640047310,Channel Partner,CHANNEL_PARTNER
Aarav Arora,7361972385,Enquiry,UNKNOWN
Rahul Menon,8272039281,Enquiry,UNKNOWN
Anika Subramanian,8066049648,Buyer,BUYER
Dinesh Kapoor,9981933592,Buyer,BUYER
Azhagu Kapoor,9172918076,Site Visit,SITE_VISIT
Siddharth Gupta,8103321145,Enquiry,UNKNOWN
Nisha Reddy,6553621743,Buyer,BUYER
Vasudevan Sundaram,7843514866,Site Visit,SITE_VISIT
Shreya Kumar,8135519167,Site Visit,SITE_VISIT
Ishita Balaji,6481089183,Buyer,BUYER
Aditya Joshi,9665244274,Buyer,BUYER
Hari Mehta,8622257621,Channel Partner,CHANNEL_PARTNER
Krishna Nair,6722023713,Site Visit,SITE_VISIT
Ayaan Reddy,6472848963,Site Visit,SITE_VISIT
Janani Reddy,7710758863,Enquiry,UNKNOWN
Reyansh Balaji,7271882843,Enquiry,UNKNOWN
Diya Tripathi,6411654819,Buyer,BUYER
Rahul Naidu,8436698180,Channel Partner,CHANNEL_PARTNER
Harish Joshi,7210994600,Buyer,BUYER
Navaneethan Saxena,8001187351,Site Visit,SITE_VISIT
Navaneethan Reddy,9801277826,Buyer,BUYER
Diya Subramanian,6902573549,Channel Partner,CHANNEL_PARTNER
Riya Kapoor,7664933165,Buyer,BUYER
Aadhya Yadav,7070003524,Buyer,BUYER
Nisha Pandey,7627781618,Channel Partner,CHANNEL_PARTNER
Gopal Subramanian,9247739946,Site Visit,SITE_VISIT
Aadhya Sharma,7404186534,Enquiry,UNKNOWN
Nisha Narayanan,7869464903,Enquiry,UNKNOWN
Ayaan Shetty,6678625920,Site Visit,SITE_VISIT
Ganesh Nair,7484837332,Site Visit,SITE_VISIT
Sai Pillai,8549008670,Buyer,BUYER
Aadhya Nair,6456372060,Channel Partner,CHANNEL_PARTNER
Naveen Arora,9269520457,Buyer,BUYER
Sneha Singh,8149238767,Buyer,BUYER
Myra Joshi,6934408962,Site Visit,SITE_VISIT
Sai Jain,9780842521,Enquiry,UNKNOWN
Ramesh Das,9113728950,Channel Partner,CHANNEL_PARTNER
Meera Reddy,7460515853,Site Visit,SITE_VISIT
Vasudevan Chatterjee,7552533608,Channel Partner,CHANNEL_PARTNER
Nisha Patel,9606936897,Enquiry,UNKNOWN
Rohan Bose,8516068472,Channel Partner,CHANNEL_PARTNER
Nisha Das,7468315683,Channel Partner,CHANNEL_PARTNER
Kavya Malhotra,8123017242,Site Visit,SITE_VISIT
Anika Nair,8082553333,Site Visit,SITE_VISIT
Vikram Arora,6869672539,Enquiry,UNKNOWN
Vikram Venkatesh,6526218375,Site Visit,SITE_VISIT
Janani Singh,8984998971,Buyer,BUYER
Harish Bhat,7091720182,Channel Partner,CHANNEL_PARTNER
Anand Ramaswamy,7349738713,Channel Partner,CHANNEL_PARTNER
Gopal Chauhan,7411571078,Enquiry,UNKNOWN
Azhagu Chatterjee,7573532540,Channel Partner,CHANNEL_PARTNER
Rahul Subramanian,9083279808,Enquiry,UNKNOWN
Sai Subramanian,8955504128,Channel Partner,CHANNEL_PARTNER
Anika Roy,6218353724,Site Visit,SITE_VISIT
Anika Gupta,9659352082,Buyer,BUYER
Lakshmi Kumar,9977571905,Site Visit,SITE_VISIT
Krishna Aggarwal,7745700900,Enquiry,UNKNOWN
Karthik Ramaswamy,9533974643,Site Visit,SITE_VISIT
Navaneethan Arora,9741544955,Buyer,BUYER
Naveen Menon,6645710864,Enquiry,UNKNOWN
Aarav Singh,6531163438,Site Visit,SITE_VISIT
Divya Shetty,9593358163,Enquiry,UNKNOWN
Azhagu Menon,9573856076,Channel Partner,CHANNEL_PARTNER
Vikram Mukherjee,7110574999,Channel Partner,CHANNEL_PARTNER
Priya Balaji,7827225548,Channel Partner,CHANNEL_PARTNER
Tanvi Verma,8055953469,Site Visit,SITE_VISIT
Hari Aggarwal,7167781530,Site Visit,SITE_VISIT
Riya Saxena,9287357760,Site Visit,SITE_VISIT
Saanvi Malhotra,7563134564,Enquiry,UNKNOWN
Dinesh Shetty,7303690260,Site Visit,SITE_VISIT
Ramesh Saxena,9703720755,Enquiry,UNKNOWN
Aditya Bose,7371287442,Buyer,BUYER
Rohan Chauhan,9577981578,Enquiry,UNKNOWN
Ganesh Saxena,9902074360,Buyer,BUYER
Ananya Subramanian,8856790002,Channel Partner,CHANNEL_PARTNER
Meera Pandey,6171596179,Channel Partner,CHANNEL_PARTNER
Ganesh Patel,9366563155,Channel Partner,CHANNEL_PARTNER
Navaneethan Shetty,8251361799,Buyer,BUYER
Sai Mukherjee,9896469366,Channel Partner,CHANNEL_PARTNER
Vikram Aggarwal,6053413395,Site Visit,SITE_VISIT
Ananya Aggarwal,8012871630,Buyer,BUYER
Navaneethan Mehta,7579918199,Channel Partner,CHANNEL_PARTNER
Aadhya Mukherjee,6667280821,Enquiry,UNKNOWN
Sai Kumar,8961007449,Channel Partner,CHANNEL_PARTNER
Myra Chauhan,7485475786,Buyer,BUYER
Riya Jain,9264378224,Channel Partner,CHANNEL_PARTNER
Ramesh Narayanan,9204605765,Enquiry,UNKNOWN
Aarav Sundaram,8612529222,Channel Partner,CHANNEL_PARTNER
Vikram Menon,7576626521,Site Visit,SITE_VISIT
Suresh Saxena,9117387208,Channel Partner,CHANNEL_PARTNER
Divya Bhat,7337956181,Site Visit,SITE_VISIT
Vasudevan Jain,7636456738,Buyer,BUYER
Pranav Patel,8853231894,Enquiry,UNKNOWN
Tanvi Patel,7688081647,Site Visit,SITE_VISIT
Sneha Naidu,9281370661,Enquiry,UNKNOWN
Ramesh Chauhan,7710221804,Site Visit,SITE_VISIT
Anand Iyer,8187595971,Enquiry,UNKNOWN
Shreya Arora,6901562182,Buyer,BUYER
Ira Pandey,8302819855,Channel Partner,CHANNEL_PARTNER
Sneha Jain,6316553290,Enquiry,UNKNOWN
Karthik Shetty,7593385747,Buyer,BUYER
Hari Pandey,8828487319,Site Visit,SITE_VISIT
Arjun Bose,8225078951,Channel Partner,CHANNEL_PARTNER
Shreya Das,9179899675,Buyer,BUYER
Myra Mukherjee,9004426377,Site Visit,SITE_VISIT
Sai Shetty,8891377623,Site Visit,SITE_VISIT
Azhagu Kumar,9611446471,Site Visit,SITE_VISIT
Ishaan Chatterjee,7300975626,Enquiry,UNKNOWN
Pranav Sundaram,6714645009,Buyer,BUYER
Anika Kulkarni,7456304489,Channel Partner,CHANNEL_PARTNER
Ananya Saxena,7082843521,Buyer,BUYER
Priya Nair,7054682045,Enquiry,UNKNOWN
Ramesh Menon,9531933776,Site Visit,SITE_VISIT
Aarav Singh,9880521860,Enquiry,UNKNOWN
Krishna Ramaswamy,8111096665,Site Visit,SITE_VISIT
Ramesh Aggarwal,8153056538,Buyer,BUYER
Shreya Saxena,7372289609,Site Visit,SITE_VISIT
Sneha Reddy,7751360825,Enquiry,UNKNOWN
Akash Malhotra,9368539538,Buyer,BUYER
Dinesh Yadav,9768739556,Enquiry,UNKNOWN
Sneha Sundaram,8190947434,Enquiry,UNKNOWN
Anand Joshi,9203451765,Buyer,BUYER
Aadhya Chauhan,8460106611,Site Visit,SITE_VISIT
Ramesh Nair,7363951242,Channel Partner,CHANNEL_PARTNER
Aarav Shetty,7144836168,Enquiry,UNKNOWN
Diya Subramanian,9726423859,Site Visit,SITE_VISIT
Akash Reddy,6981484016,Site Visit,SITE_VISIT
Kavya Gupta,6917418753,Buyer,BUYER
Shreya Aggarwal,6351101887,Enquiry,UNKNOWN
Vihaan Pandey,9162838811,Enquiry,UNKNOWN
Anika Chauhan,6895148817,Enquiry,UNKNOWN
Ramesh Chatterjee,9850611322,Buyer,BUYER
Anand Kapoor,6692430751,Channel Partner,CHANNEL_PARTNER
Kavya Rao,7787183452,Site Visit,SITE_VISIT
Vivaan Yadav,9002811255,Enquiry,UNKNOWN
Meera Gupta,7630839299,Buyer,BUYER
Vikram Gupta,7137810998,Site Visit,SITE_VISIT
Saanvi Kumar,6352983840,Buyer,BUYER
Anand Menon,7035400086,Channel Partner,CHANNEL_PARTNER
Riya Mehta,8943438989,Site Visit,SITE_VISIT
Akash Kapoor,9345873192,Enquiry,UNKNOWN
Priya Tripathi,8013934715,Channel Partner,CHANNEL_PARTNER
Riya Venkatesh,8030660677,Site Visit,SITE_VISIT
Aditya Iyer,8697739551,Enquiry,UNKNOWN
Karthik Gupta,6491103614,Channel Partner,CHANNEL_PARTNER
Dinesh Menon,8546658912,Site Visit,SITE_VISIT
Pooja Nair,7704718153,Enquiry,UNKNOWN
Janani Mukherjee,8208883641,Site Visit,SITE_VISIT
Siddharth Verma,8955198434,Channel Partner,CHANNEL_PARTNER
Ishita Malhotra,9973526183,Buyer,BUYER
Akash Pillai,7492092633,Channel Partner,CHANNEL_PARTNER
Ganesh Malhotra,8515165051,Enquiry,UNKNOWN
Hari Subramanian,6025255923,Channel Partner,CHANNEL_PARTNER
Gopal Reddy,9753074007,Enquiry,UNKNOWN
Ganesh Sundaram,6317344966,Channel Partner,CHANNEL_PARTNER
Tanvi Chauhan,9222657398,Enquiry,UNKNOWN
Ishita Kumar,7511037479,Enquiry,UNKNOWN
Pooja Gupta,8236279481,Site Visit,SITE_VISIT
Aadhya Chatterjee,7260415674,Enquiry,UNKNOWN
Aarav Kulkarni,8404341761,Channel Partner,CHANNEL_PARTNER
Vivaan Kulkarni,9378301937,Channel Partner,CHANNEL_PARTNER
Nisha Kapoor,7799713394,Site Visit,SITE_VISIT
Dinesh Naidu,9821007971,Buyer,BUYER
Ira Bose,8129269082,Buyer,BUYER
Vasudevan Naidu,7224651431,Channel Partner,CHANNEL_PARTNER
Arjun Tripathi,9346597513,Enquiry,UNKNOWN
Riya Pandey,7337740592,Site Visit,SITE_VISIT
Harish Kulkarni,9387388416,Enquiry,UNKNOWN
Anand Bhat,8569663952,Site Visit,SITE_VISIT
Suresh Sharma,6931833239,Enquiry,UNKNOWN
Rahul Naidu,9734060367,Enquiry,UNKNOWN
Neha Mehta,7841579769,Site Visit,SITE_VISIT
Ishita Krishnan,6682216221,Channel Partner,CHANNEL_PARTNER
Anand Singh,7295618485,Site Visit,SITE_VISIT
Anika Saxena,8429998409,Buyer,BUYER
Navaneethan Ramaswamy,6923885778,Buyer,BUYER
Janani Krishnan,9768878448,Enquiry,UNKNOWN
Sai Roy,7130899315,Enquiry,UNKNOWN
Meera Chatterjee,9977376303,Enquiry,UNKNOWN
Neha Aggarwal,7910369370,Buyer,BUYER
Ishaan Tripathi,7351396359,Channel Partner,CHANNEL_PARTNER
Hari Rao,9163593949,Site Visit,SITE_VISIT
Rohan Verma,7231433408,Enquiry,UNKNOWN
Suresh Krishnan,9912561107,Channel Partner,CHANNEL_PARTNER
Pranav Balaji,6277469766,Channel Partner,CHANNEL_PARTNER
Pranav Pandey,6491213247,Buyer,BUYER
Reyansh Saxena,7119543276,Channel Partner,CHANNEL_PARTNER
Myra Pillai,9579260378,Enquiry,UNKNOWN
Aadhya Singh,6123165955,Site Visit,SITE_VISIT
Suresh Kulkarni,7785244063,Enquiry,UNKNOWN
Tanvi Roy,6721155851,Site Visit,SITE_VISIT
Dinesh Kapoor,8108699346,Enquiry,UNKNOWN
Sneha Joshi,6016389273,Buyer,BUYER
Navaneethan Naidu,6590483793,Site Visit,SITE_VISIT
Ira Saxena,8743600712,Site Visit,SITE_VISIT
Tanvi Aggarwal,7596410141,Enquiry,UNKNOWN
Neha Singh,8082289687,Channel Partner,CHANNEL_PARTNER
Siddharth Chatterjee,9072560378,Buyer,BUYER
Anand Shetty,7419697432,Site Visit,SITE_VISIT
Azhagu Kumar,7072630365,Buyer,BUYER
Pranav Arora,9027833384,Site Visit,SITE_VISIT
Rohan Kulkarni,7053644972,Channel Partner,CHANNEL_PARTNER
Janani Verma,8761468017,Channel Partner,CHANNEL_PARTNER
Krishna Tripathi,7073356693,Buyer,BUYER
Dinesh Ramaswamy,6659182871,Site Visit,SITE_VISIT
Vivaan Naidu,7373753623,Channel Partner,CHANNEL_PARTNER
Ananya Ramaswamy,8602685078,Site Visit,SITE_VISIT
Ramesh Nair,7456980137,Enquiry,UNKNOWN
Vivaan Pandey,9841748311,Site Visit,SITE_VISIT
Suresh Subramanian,6250824319,Channel Partner,CHANNEL_PARTNER
Ananya Aggarwal,7631930086,Enquiry,UNKNOWN
Riya Jain,6095441733,Channel Partner,CHANNEL_PARTNER
Divya Das,8624833568,Enquiry,UNKNOWN
Krishna Chatterjee,9116697037,Buyer,BUYER
Vivaan Roy,8675962083,Site Visit,SITE_VISIT
Priya Jain,8702711595,Site Visit,SITE_VISIT
Saanvi Kumar,6597434720,Site Visit,SITE_VISIT
Pooja Pillai,8329247563,Enquiry,UNKNOWN
Ananya Jain,8152088431,Site Visit,SITE_VISIT
Riya Iyer,8717209297,Buyer,BUYER
Ishita Gupta,6292033900,Site Visit,SITE_VISIT
Lakshmi Sundaram,7712138618,Site Visit,SITE_VISIT
Arjun Kulkarni,8086829041,Enquiry,UNKNOWN
Vasudevan Balaji,8415724269,Buyer,BUYER
Vasudevan Pandey,9160910316,Buyer,BUYER
Neha Sundaram,7206300933,Buyer,BUYER
Kavya Saxena,9839449587,Buyer,BUYER
Karthik Saxena,6696852085,Site Visit,SITE_VISIT
Akash Pillai,6276060328,Buyer,BUYER
Ishaan Malhotra,7954255716,Buyer,BUYER
Riya Singh,8949832063,Enquiry,UNKNOWN
Rohan Shetty,6861057122,Channel Partner,CHANNEL_PARTNER
Saanvi Sundaram,7664930130,Channel Partner,CHANNEL_PARTNER
Anika Menon,8355711415,Enquiry,UNKNOWN
Azhagu Iyer,9732308705,Site Visit,SITE_VISIT
Vasudevan Krishnan,8182275389,Channel Partner,CHANNEL_PARTNER
Tanvi Malhotra,7225147751,Enquiry,UNKNOWN
Kavya Yadav,6179819454,Enquiry,UNKNOWN
Neha Malhotra,7720740962,Enquiry,UNKNOWN
Dinesh Gupta,8373617428,Channel Partner,CHANNEL_PARTNER
Ishaan Venkatesh,7235285368,Enquiry,UNKNOWN
Vivaan Bose,9617246397,Enquiry,UNKNOWN
Ganesh Joshi,8864678855,Enquiry,UNKNOWN
Meera Singh,6433192571,Enquiry,UNKNOWN
Divya Yadav,9687413037,Enquiry,UNKNOWN
Ishaan Patel,9684672207,Channel Partner,CHANNEL_PARTNER
Dinesh Chatterjee,9036860994,Site Visit,SITE_VISIT
Anika Bose,9717820269,Buyer,BUYER
Myra Arora,8149510979,Enquiry,UNKNOWN
Ishaan Arora,9928493344,Buyer,BUYER
Anika Joshi,7070012089,Site Visit,SITE_VISIT
Divya Tripathi,8680466838,Channel Partner,CHANNEL_PARTNER
Vikram Mehta,6155775591,Enquiry,UNKNOWN
Lakshmi Joshi,7122480561,Site Visit,SITE_VISIT
Shreya Singh,6331152469,Site Visit,SITE_VISIT
Aadhya Sundaram,9868589574,Site Visit,SITE_VISIT
Aarav Iyer,7454131066,Enquiry,UNKNOWN
Ira Mukherjee,9056440212,Channel Partner,CHANNEL_PARTNER
Ira Mehta,8580072646,Enquiry,UNKNOWN
Dinesh Pillai,6941718670,Channel Partner,CHANNEL_PARTNER
Vikram Krishnan,8060444384,Site Visit,SITE_VISIT
Ganesh Sharma,7279055207,Channel Partner,CHANNEL_PARTNER
Ishita Das,9145912597,Enquiry,UNKNOWN
Navaneethan Gupta,6982719036,Site Visit,SITE_VISIT
Janani Menon,6060436831,Enquiry,UNKNOWN
Pooja Iyer,6442039174,Enquiry,UNKNOWN
Suresh Balaji,8029439466,Buyer,BUYER
Vihaan Yadav,6947426874,Channel Partner,CHANNEL_PARTNER
Saanvi Malhotra,8843351688,Channel Partner,CHANNEL_PARTNER
Gopal Jain,9711546167,Channel Partner,CHANNEL_PARTNER
Gopal Aggarwal,8165669371,Channel Partner,CHANNEL_PARTNER
Aditya Pandey,8177514230,Enquiry,UNKNOWN
Suresh Kapoor,8169503105,Buyer,BUYER
Ishita Das,8129205094,Buyer,BUYER
Krishna Venkatesh,6645592723,Enquiry,UNKNOWN
Vihaan Roy,8484992187,Channel Partner,CHANNEL_PARTNER
Saanvi Arora,6554308526,Site Visit,SITE_VISIT
Priya Menon,7235126704,Buyer,BUYER
Naveen Iyer,8160250488,Channel Partner,CHANNEL_PARTNER
Divya Pillai,6258756987,Site Visit,SITE_VISIT
Sai Sundaram,6005184022,Channel Partner,CHANNEL_PARTNER
Reyansh Balaji,8342461163,Channel Partner,CHANNEL_PARTNER
Dinesh Krishnan,9306313812,Enquiry,UNKNOWN
Ganesh Sharma,6055859075,Site Visit,SITE_VISIT
Ayaan Yadav,6614602351,Channel Partner,CHANNEL_PARTNER
Harish Tripathi,9710524816,Site Visit,SITE_VISIT
Aarav Malhotra,9861958570,Site Visit,SITE_VISIT
Dinesh Kapoor,7408016120,Site Visit,SITE_VISIT
Janani Kumar,8350253645,Enquiry,UNKNOWN
Pooja Sundaram,9802915856,Enquiry,UNKNOWN
Azhagu Mukherjee,8947198029,Enquiry,UNKNOWN
Anand Jain,8058053439,Enquiry,UNKNOWN
Nisha Narayanan,8919192147,Enquiry,UNKNOWN
Janani Yadav,8659488906,Buyer,BUYER
Tanvi Kumar,9286723839,Site Visit,SITE_VISIT
Aarav Naidu,9257598233,Site Visit,SITE_VISIT
Shreya Singh,6906871524,Channel Partner,CHANNEL_PARTNER
Arjun Chauhan,6650405635,Enquiry,UNKNOWN
Reyansh Yadav,8817880371,Enquiry,UNKNOWN
Janani Balaji,8695049533,Channel Partner,CHANNEL_PARTNER
Diya Menon,7387784449,Channel Partner,CHANNEL_PARTNER
Myra Mukherjee,8773451505,Enquiry,UNKNOWN
Naveen Venkatesh,7959657412,Site Visit,SITE_VISIT
Reyansh Mukherjee,7378093654,Channel Partner,CHANNEL_PARTNER
Ganesh Mehta,9617400285,Enquiry,UNKNOWN
Ananya Das,9211418789,Site Visit,SITE_VISIT
Ananya Singh,7834501796,Channel Partner,CHANNEL_PARTNER
Naveen Venkatesh,7339046106,Site Visit,SITE_VISIT
Azhagu Pandey,7623950820,Site Visit,SITE_VISIT
Sneha Kapoor,7541340301,Channel Partner,CHANNEL_PARTNER
Anika Sundaram,9434204209,Enquiry,UNKNOWN
Karthik Mehta,6224929418,Enquiry,UNKNOWN
Rahul Rao,9775031263,Enquiry,UNKNOWN
Neha Mukherjee,6843681861,Site Visit,SITE_VISIT
Ganesh Saxena,6287441787,Site Visit,SITE_VISIT
Aarav Saxena,7099296439,Buyer,BUYER
Rohan Rao,7604717059,Channel Partner,CHANNEL_PARTNER
Priya Kapoor,8295612850,Buyer,BUYER
Vasudevan Das,7543600741,Channel Partner,CHANNEL_PARTNER
Navaneethan Malhotra,7862496924,Enquiry,UNKNOWN
Karthik Verma,8017115307,Enquiry,UNKNOWN
Akash Bhat,8596402469,Enquiry,UNKNOWN
Suresh Narayanan,8482569647,Channel Partner,CHANNEL_PARTNER
Myra Tripathi,6039107669,Site Visit,SITE_VISIT
Nisha Menon,8420639995,Buyer,BUYER
Saanvi Singh,9803191475,Enquiry,UNKNOWN
Riya Sundaram,6128043834,Site Visit,SITE_VISIT
Aditya Bhat,9410769701,Site Visit,SITE_VISIT
Saanvi Kapoor,6822178461,Site Visit,SITE_VISIT
Vihaan Menon,7388660561,Buyer,BUYER
Janani Shetty,7268714189,Enquiry,UNKNOWN
Anand Joshi,6243297789,Site Visit,SITE_VISIT
Kavya Pillai,6598661719,Site Visit,SITE_VISIT
Krishna Iyer,7219550762,Enquiry,UNKNOWN
Sneha Kulkarni,8798728187,Channel Partner,CHANNEL_PARTNER
Ishaan Arora,6840163367,Enquiry,UNKNOWN
Ganesh Das,6464196632,Buyer,BUYER
Neha Jain,7304275177,Enquiry,UNKNOWN
Ganesh Balaji,6126626100,Enquiry,UNKNOWN
Suresh Venkatesh,6249411985,Enquiry,UNKNOWN
Gopal Verma,8684562622,Channel Partner,CHANNEL_PARTNER
Sneha Iyer,7817678868,Enquiry,UNKNOWN
Karthik Yadav,8412231306,Channel Partner,CHANNEL_PARTNER
Aadhya Naidu,8562856229,Site Visit,SITE_VISIT
Ira Aggarwal,8902597425,Enquiry,UNKNOWN
Rahul Das,6093713446,Enquiry,UNKNOWN
Anika Pandey,9727527644,Buyer,BUYER
Krishna Pillai,8422021037,Site Visit,SITE_VISIT
Akash Saxena,7074953442,Site Visit,SITE_VISIT
Vihaan Venkatesh,8255693255,Buyer,BUYER
Pooja Joshi,9359514823,Buyer,BUYER
Ganesh Chauhan,6924689531,Buyer,BUYER
Pooja Naidu,6437461126,Site Visit,SITE_VISIT
Kavya Ramaswamy,9761706639,Enquiry,UNKNOWN
Janani Iyer,6760062769,Buyer,BUYER
Ganesh Nair,6104650552,Buyer,BUYER
Anand Singh,6117160241,Buyer,BUYER
Ganesh Aggarwal,6130608450,Channel Partner,CHANNEL_PARTNER
Tanvi Iyer,9347262672,Site Visit,SITE_VISIT
Nisha Aggarwal,9998182787,Site Visit,SITE_VISIT
Ishita Mehta,8896972632,Enquiry,UNKNOWN
Arjun Kumar,9115591177,Enquiry,UNKNOWN
Priya Venkatesh,6932774465,Site Visit,SITE_VISIT
Vivaan Saxena,9150248909,Enquiry,UNKNOWN
Aarav Tripathi,9574103868,Site Visit,SITE_VISIT
Vivaan Sharma,7513134044,Channel Partner,CHANNEL_PARTNER
Naveen Chauhan,8150302996,Channel Partner,CHANNEL_PARTNER
Anika Bose,7779314061,Enquiry,UNKNOWN
Anand Aggarwal,6071676221,Channel Partner,CHANNEL_PARTNER
Sneha Ramaswamy,8756792161,Enquiry,UNKNOWN
Vasudevan Ramaswamy,6269772884,Channel Partner,CHANNEL_PARTNER
Diya Mehta,8720429306,Channel Partner,CHANNEL_PARTNER
Meera Kumar,6179100518,Buyer,BUYER
Vivaan Balaji,9412499926,Buyer,BUYER
Sneha Patel,9221115712,Enquiry,UNKNOWN
Arjun Naidu,9123047419,Enquiry,UNKNOWN
Ira Roy,8339089191,Channel Partner,CHANNEL_PARTNER
Meera Singh,9049457711,Site Visit,SITE_VISIT
Nisha Bose,6426796360,Channel Partner,CHANNEL_PARTNER
Sneha Rao,6284546011,Buyer,BUYER
Krishna Yadav,7508757917,Buyer,BUYER
Pranav Verma,7101729466,Site Visit,SITE_VISIT
Ishita Roy,8388780418,Site Visit,SITE_VISIT
Vihaan Yadav,8261496912,Site Visit,SITE_VISIT
Siddharth Das,7297184780,Channel Partner,CHANNEL_PARTNER
Sneha Bhat,8002503460,Buyer,BUYER
Sai Kumar,6198720788,Buyer,BUYER
Ananya Roy,6580564091,Buyer,BUYER
Shreya Pandey,7497651057,Enquiry,UNKNOWN
Ishita Naidu,9059476325,Site Visit,SITE_VISIT
Diya Roy,9812738720,Buyer,BUYER
Pooja Joshi,7636902364,Site Visit,SITE_VISIT
Anika Subramanian,6281064290,Buyer,BUYER
Priya Verma,6955933280,Buyer,BUYER
Pranav Kulkarni,8965240999,Site Visit,SITE_VISIT
Reyansh Rao,8035799820,Enquiry,UNKNOWN
Meera Iyer,6173845785,Site Visit,SITE_VISIT
Azhagu Mukherjee,8209002862,Channel Partner,CHANNEL_PARTNER
Gopal Nair,9153274294,Site Visit,SITE_VISIT
Divya Verma,6952623709,Enquiry,UNKNOWN
Riya Naidu,6548095375,Buyer,BUYER
Ishaan Jain,8665714590,Channel Partner,CHANNEL_PARTNER
Ganesh Sharma,8705905069,Channel Partner,CHANNEL_PARTNER
Lakshmi Mehta,6715429489,Channel Partner,CHANNEL_PARTNER
Gopal Sundaram,9677720032,Buyer,BUYER
Vihaan Pandey,8399291688,Channel Partner,CHANNEL_PARTNER
Ishita Chatterjee,7598786734,Enquiry,UNKNOWN
Hari Kulkarni,8980765261,Channel Partner,CHANNEL_PARTNER
Rohan Kumar,9778777385,Channel Partner,CHANNEL_PARTNER
Lakshmi Mehta,6147392838,Channel Partner,CHANNEL_PARTNER
Karthik Pillai,7399773141,Channel Partner,CHANNEL_PARTNER
Vivaan Krishnan,9116793849,Channel Partner,CHANNEL_PARTNER
Meera Saxena,9416790061,Enquiry,UNKNOWN
Anika Tripathi,9241640615,Enquiry,UNKNOWN
Vivaan Verma,8888610979,Enquiry,UNKNOWN
Vivaan Sundaram,9452446805,Buyer,BUYER
Ishita Mehta,7378598311,Site Visit,SITE_VISIT
Aditya Balaji,9606215936,Site Visit,SITE_VISIT
Tanvi Pandey,9578686926,Channel Partner,CHANNEL_PARTNER
Ananya Menon,7155013446,Buyer,BUYER
Vikram Bose,6726186043,Buyer,BUYER
Rohan Iyer,6912028484,Buyer,BUYER
Divya Aggarwal,6188869644,Site Visit,SITE_VISIT
Anand Yadav,6450811786,Channel Partner,CHANNEL_PARTNER
Dinesh Sharma,7470021381,Enquiry,UNKNOWN
Divya Sundaram,8956588099,Enquiry,UNKNOWN
Krishna Naidu,8129736695,Enquiry,UNKNOWN
Hari Menon,9167098614,Site Visit,SITE_VISIT
Shreya Ramaswamy,7646713440,Channel Partner,CHANNEL_PARTNER
Krishna Bose,9226982821,Channel Partner,CHANNEL_PARTNER
Ishaan Bose,8684458809,Buyer,BUYER
Ishita Menon,6044499263,Site Visit,SITE_VISIT
Kavya Tripathi,7420293063,Buyer,BUYER
Saanvi Bose,6397431150,Enquiry,UNKNOWN
Aadhya Mukherjee,8232418148,Enquiry,UNKNOWN
Vasudevan Aggarwal,6189025456,Enquiry,UNKNOWN
Tanvi Patel,6580800160,Enquiry,UNKNOWN
Akash Joshi,9917789660,Channel Partner,CHANNEL_PARTNER
Harish Gupta,6471503452,Site Visit,SITE_VISIT
Janani Reddy,6365814162,Channel Partner,CHANNEL_PARTNER
Aadhya Sharma,9762966514,Channel Partner,CHANNEL_PARTNER
Janani Gupta,7988318769,Channel Partner,CHANNEL_PARTNER
Ananya Saxena,9333889269,Enquiry,UNKNOWN
Aarav Ramaswamy,6817754839,Site Visit,SITE_VISIT
Divya Rao,8492317794,Channel Partner,CHANNEL_PARTNER
Janani Ramaswamy,7950964486,Site Visit,SITE_VISIT
Neha Roy,7481591238,Site Visit,SITE_VISIT
Hari Malhotra,6574120066,Site Visit,SITE_VISIT
Ayaan Kapoor,6333381494,Enquiry,UNKNOWN
Rahul Kumar,9521588375,Enquiry,UNKNOWN
Rahul Krishnan,9579240401,Site Visit,SITE_VISIT
Navaneethan Menon,6928489060,Enquiry,UNKNOWN
Tanvi Venkatesh,8185571588,Enquiry,UNKNOWN
Arjun Joshi,8004359075,Site Visit,SITE_VISIT
Azhagu Verma,7245544669,Channel Partner,CHANNEL_PARTNER
Reyansh Bose,7736891737,Site Visit,SITE_VISIT
Ayaan Pillai,8051834242,Enquiry,UNKNOWN
Krishna Rao,7243549180,Enquiry,UNKNOWN
Neha Chauhan,8094382969,Buyer,BUYER
Pooja Kumar,6161860193,Site Visit,SITE_VISIT
Pooja Das,9491539282,Channel Partner,CHANNEL_PARTNER
Ramesh Bose,6781165354,Buyer,BUYER
Diya Rao,6359810864,Channel Partner,CHANNEL_PARTNER
Ganesh Venkatesh,8730261571,Buyer,BUYER
Anand Joshi,9564877559,Channel Partner,CHANNEL_PARTNER
Gopal Venkatesh,9128538884,Channel Partner,CHANNEL_PARTNER
Karthik Singh,8450322910,Buyer,BUYER
Ramesh Singh,9228140445,Channel Partner,CHANNEL_PARTNER
Tanvi Mehta,6854065661,Site Visit,SITE_VISIT
Diya Kapoor,6284224318,Buyer,BUYER
Siddharth Chatterjee,6065233172,Site Visit,SITE_VISIT
Lakshmi Kulkarni,7885868646,Site Visit,SITE_VISIT
Priya Naidu,6963475114,Channel Partner,CHANNEL_PARTNER
Riya Mukherjee,6217779673,Buyer,BUYER
Arjun Malhotra,9107797516,Enquiry,UNKNOWN
Myra Tripathi,6976815511,Buyer,BUYER
Vihaan Kulkarni,9691466510,Channel Partner,CHANNEL_PARTNER
Ishaan Sundaram,7719887280,Channel Partner,CHANNEL_PARTNER
Tanvi Jain,8025862011,Site Visit,SITE_VISIT
Ananya Kulkarni,9052908689,Site Visit,SITE_VISIT
Harish Das,9885217537,Channel Partner,CHANNEL_PARTNER
Vikram Iyer,9930986712,Channel Partner,CHANNEL_PARTNER
Nisha Patel,8607994713,Site Visit,SITE_VISIT
Ayaan Arora,9491823193,Channel Partner,CHANNEL_PARTNER
Myra Yadav,7108115285,Channel Partner,CHANNEL_PARTNER
Ramesh Kapoor,9212525937,Enquiry,UNKNOWN
Aarav Pillai,7280397771,Enquiry,UNKNOWN
Lakshmi Menon,8277910363,Site Visit,SITE_VISIT
Ira Yadav,9112167722,Enquiry,UNKNOWN
Ayaan Balaji,8212806224,Site Visit,SITE_VISIT
Ishaan Iyer,6116761747,Enquiry,UNKNOWN
Nisha Gupta,6884584840,Site Visit,SITE_VISIT
Anika Pillai,6931628781,Site Visit,SITE_VISIT
Akash Arora,7327391917,Channel Partner,CHANNEL_PARTNER
Vasudevan Krishnan,6794629071,Enquiry,UNKNOWN
Ira Venkatesh,6430844493,Buyer,BUYER
Sai Pandey,6998142403,Enquiry,UNKNOWN
Saanvi Krishnan,9903374265,Site Visit,SITE_VISIT
Rohan Reddy,9422714336,Buyer,BUYER
Sneha Kapoor,7203974038,Enquiry,UNKNOWN
Anika Subramanian,9196215509,Enquiry,UNKNOWN
Rohan Malhotra,9009752674,Enquiry,UNKNOWN
Sai Sharma,9842298273,Buyer,BUYER
Vasudevan Krishnan,9249488893,Channel Partner,CHANNEL_PARTNER
Harish Krishnan,9915699767,Channel Partner,CHANNEL_PARTNER
Harish Chauhan,9564727757,Enquiry,UNKNOWN
Reyansh Krishnan,6756741755,Site Visit,SITE_VISIT
Dinesh Venkatesh,9499037448,Site Visit,SITE_VISIT
Aditya Pandey,9990388821,Buyer,BUYER
Harish Menon,8499065055,Buyer,BUYER
Ayaan Jain,6268377603,Enquiry,UNKNOWN
Harish Pandey,6941037138,Site Visit,SITE_VISIT
Siddharth Gupta,7454309592,Enquiry,UNKNOWN
Azhagu Yadav,8783920968,Site Visit,SITE_VISIT
Ganesh Venkatesh,7063399202,Buyer,BUYER
Siddharth Chauhan,6215787642,Buyer,BUYER
Myra Ramaswamy,6938278708,Channel Partner,CHANNEL_PARTNER
Vivaan Shetty,8563179990,Buyer,BUYER
Kavya Kulkarni,9303314678,Buyer,BUYER
Riya Aggarwal,8253202225,Enquiry,UNKNOWN
Vikram Rao,7898807398,Enquiry,UNKNOWN
Saanvi Kapoor,7255165754,Site Visit,SITE_VISIT
Vihaan Naidu,7513325437,Site Visit,SITE_VISIT
Gopal Malhotra,7414559991,Channel Partner,CHANNEL_PARTNER
Myra Narayanan,9286999880,Enquiry,UNKNOWN
Ishita Saxena,6496141726,Enquiry,UNKNOWN
Sneha Kumar,9851514050,Site Visit,SITE_VISIT
Sai Shetty,7547846594,Enquiry,UNKNOWN
Hari Balaji,8224811570,Channel Partner,CHANNEL_PARTNER
Naveen Mukherjee,8791651083,Buyer,BUYER
Riya Nair,7977772798,Site Visit,SITE_VISIT
Naveen Tripathi,8921601841,Site Visit,SITE_VISIT
Janani Kumar,8727653545,Site Visit,SITE_VISIT
Diya Malhotra,6562746789,Site Visit,SITE_VISIT
Vikram Shetty,7498065933,Site Visit,SITE_VISIT
Karthik Singh,9291706239,Channel Partner,CHANNEL_PARTNER
Naveen Verma,9964512352,Buyer,BUYER
Diya Arora,8581746680,Enquiry,UNKNOWN
Pooja Narayanan,6365276652,Enquiry,UNKNOWN
Tanvi Narayanan,7957075880,Channel Partner,CHANNEL_PARTNER
Siddharth Tripathi,7751361568,Buyer,BUYER
Diya Nair,8246471078,Buyer,BUYER
Vasudevan Pandey,7426353953,Site Visit,SITE_VISIT
Anika Mehta,8796262369,Enquiry,UNKNOWN
Anand Rao,8897663773,Site Visit,SITE_VISIT
Krishna Bhat,6220586720,Buyer,BUYER
Ishita Chatterjee,9423598812,Buyer,BUYER
Naveen Bose,8866103953,Site Visit,SITE_VISIT
Aditya Jain,9439281045,Channel Partner,CHANNEL_PARTNER
Navaneethan Kapoor,7726638503,Buyer,BUYER
Shreya Bose,8753040326,Channel Partner,CHANNEL_PARTNER
Saanvi Bose,9722228837,Site Visit,SITE_VISIT
Azhagu Roy,7596878581,Channel Partner,CHANNEL_PARTNER
Aarav Chatterjee,8676869634,Channel Partner,CHANNEL_PARTNER
Vivaan Tripathi,7853567465,Site Visit,SITE_VISIT
Neha Kulkarni,6121580953,Channel Partner,CHANNEL_PARTNER
Rohan Kumar,8808623903,Site Visit,SITE_VISIT
Janani Ramaswamy,6791348337,Site Visit,SITE_VISIT
Ishita Malhotra,6315072921,Enquiry,UNKNOWN
Anika Chauhan,9355431652,Enquiry,UNKNOWN
Karthik Jain,7401591813,Enquiry,UNKNOWN
Anand Rao,6121816832,Buyer,BUYER
Gopal Patel,7306338733,Enquiry,UNKNOWN
Gopal Jain,8664133769,Channel Partner,CHANNEL_PARTNER
Reyansh Subramanian,6831254977,Site Visit,SITE_VISIT
Anand Naidu,8982273424,Buyer,BUYER
Dinesh Bose,8510435464,Enquiry,UNKNOWN
Vasudevan Narayanan,9021185687,Channel Partner,CHANNEL_PARTNER
Priya Kapoor,6521053924,Buyer,BUYER
Priya Tripathi,7924075329,Site Visit,SITE_VISIT
Shreya Arora,6639593034,Site Visit,SITE_VISIT
Arjun Singh,9950896610,Buyer,BUYER
Suresh Yadav,9849582772,Buyer,BUYER
Vikram Sundaram,9801186104,Channel Partner,CHANNEL_PARTNER
Arjun Rao,8327510201,Buyer,BUYER
Riya Kapoor,9611508489,Enquiry,UNKNOWN
Riya Verma,9923511548,Site Visit,SITE_VISIT
Akash Patel,7404158490,Site Visit,SITE_VISIT
Myra Yadav,6089585113,Enquiry,UNKNOWN
Anand Mukherjee,8209775041,Enquiry,UNKNOWN
Ira Ramaswamy,7825217209,Site Visit,SITE_VISIT
Ishaan Balaji,7513512505,Enquiry,UNKNOWN
Aarav Tripathi,7265496014,Buyer,BUYER
Vasudevan Rao,8814337545,Buyer,BUYER
Sneha Iyer,9133260830,Buyer,BUYER
Lakshmi Kulkarni,6170044642,Channel Partner,CHANNEL_PARTNER
Riya Das,8205161130,Channel Partner,CHANNEL_PARTNER
Dinesh Kumar,8734159239,Channel Partner,CHANNEL_PARTNER
Vivaan Krishnan,9071659507,Buyer,BUYER
Rahul Nair,7794356022,Buyer,BUYER
Siddharth Ramaswamy,9373782005,Site Visit,SITE_VISIT
Rohan Bhat,7169346355,Site Visit,SITE_VISIT
Krishna Shetty,7461243567,Channel Partner,CHANNEL_PARTNER
Reyansh Mukherjee,6438604076,Enquiry,UNKNOWN
Aadhya Chauhan,7974404228,Enquiry,UNKNOWN
Shreya Nair,6255554375,Channel Partner,CHANNEL_PARTNER
Anika Saxena,6192955782,Channel Partner,CHANNEL_PARTNER
Ira Rao,7628909287,Buyer,BUYER
Rahul Yadav,8938342917,Buyer,BUYER
Lakshmi Malhotra,6566481040,Buyer,BUYER
Dinesh Reddy,7172562421,Buyer,BUYER
Ramesh Joshi,8361508182,Buyer,BUYER
Ananya Sharma,7621024804,Buyer,BUYER
Aarav Naidu,9132143455,Site Visit,SITE_VISIT
Meera Verma,6759358685,Enquiry,UNKNOWN
Arjun Kumar,8556617694,Channel Partner,CHANNEL_PARTNER
Janani Tripathi,6094075916,Site Visit,SITE_VISIT
Aadhya Balaji,7252583295,Channel Partner,CHANNEL_PARTNER
Vikram Menon,9386426989,Channel Partner,CHANNEL_PARTNER
Dinesh Joshi,9687260113,Channel Partner,CHANNEL_PARTNER
Neha Kumar,7570028939,Channel Partner,CHANNEL_PARTNER
Neha Verma,9677229791,Buyer,BUYER
Anand Pillai,9096383872,Enquiry,UNKNOWN
Kavya Menon,6214807886,Enquiry,UNKNOWN
Ramesh Kumar,8235834366,Channel Partner,CHANNEL_PARTNER
Reyansh Krishnan,9448936679,Channel Partner,CHANNEL_PARTNER
Dinesh Mehta,8489055650,Enquiry,UNKNOWN
Priya Narayanan,8388692377,Site Visit,SITE_VISIT
Neha Pillai,6353063760,Buyer,BUYER
Rahul Jain,6537500738,Enquiry,UNKNOWN
Ishaan Jain,6783882733,Site Visit,SITE_VISIT
Diya Saxena,9875138661,Buyer,BUYER
Vikram Reddy,9364065667,Site Visit,SITE_VISIT
Navaneethan Arora,7243297218,Buyer,BUYER
Lakshmi Nair,8913534220,Enquiry,UNKNOWN
Lakshmi Ramaswamy,8793398006,Site Visit,SITE_VISIT
Tanvi Balaji,6892965296,Channel Partner,CHANNEL_PARTNER
Kavya Naidu,7484547864,Channel Partner,CHANNEL_PARTNER
Neha Das,6448194317,Enquiry,UNKNOWN
Janani Chauhan,8398218296,Site Visit,SITE_VISIT
Akash Bhat,9485349639,Buyer,BUYER
Shreya Verma,9442115834,Site Visit,SITE_VISIT
Reyansh Naidu,6264424157,Site Visit,SITE_VISIT
Hari Bhat,8051385763,Enquiry,UNKNOWN
Shreya Chatterjee,9502456442,Buyer,BUYER
Lakshmi Gupta,7170871214,Channel Partner,CHANNEL_PARTNER
Sai Mukherjee,9023767559,Channel Partner,CHANNEL_PARTNER
Azhagu Naidu,7069806808,Buyer,BUYER
Anand Verma,6630876020,Buyer,BUYER
Meera Bhat,7263207356,Channel Partner,CHANNEL_PARTNER
Vikram Balaji,7559959846,Buyer,BUYER
Ramesh Chauhan,9851882729,Channel Partner,CHANNEL_PARTNER
Pooja Joshi,6349229160,Buyer,BUYER
Myra Menon,9125117661,Site Visit,SITE_VISIT
Aadhya Bose,7074553619,Enquiry,UNKNOWN
Arjun Roy,8701177161,Site Visit,SITE_VISIT
Myra Ramaswamy,7130604079,Buyer,BUYER
Aditya Bhat,9248354727,Channel Partner,CHANNEL_PARTNER
Gopal Pillai,6769266243,Enquiry,UNKNOWN
Aarav Jain,8750072831,Enquiry,UNKNOWN
Aadhya Bhat,9487703228,Channel Partner,CHANNEL_PARTNER
Karthik Saxena,7128117889,Buyer,BUYER
Ishaan Mehta,6454048738,Channel Partner,CHANNEL_PARTNER
Hari Malhotra,6581177624,Site Visit,SITE_VISIT
Ramesh Ramaswamy,9671621878,Enquiry,UNKNOWN
Myra Kapoor,8887967512,Site Visit,SITE_VISIT
Gopal Sharma,6693666476,Site Visit,SITE_VISIT
Rohan Bhat,9735495313,Enquiry,UNKNOWN
Diya Krishnan,6974189446,Enquiry,UNKNOWN
Dinesh Sharma,9765000380,Site Visit,SITE_VISIT
Aditya Yadav,7809889433,Channel Partner,CHANNEL_PARTNER
Navaneethan Bose,6624494538,Buyer,BUYER
Janani Pillai,8094270803,Buyer,BUYER
Ananya Krishnan,8961368641,Buyer,BUYER
Aadhya Balaji,9898660982,Enquiry,UNKNOWN
Ananya Malhotra,9426820552,Site Visit,SITE_VISIT
Kavya Balaji,8061402525,Enquiry,UNKNOWN
Kavya Ramaswamy,9368338891,Enquiry,UNKNOWN
Reyansh Pillai,6627955944,Site Visit,SITE_VISIT
Diya Nair,6484006529,Site Visit,SITE_VISIT
Diya Patel,8284835410,Buyer,BUYER
Divya Sundaram,9021322936,Buyer,BUYER
Ayaan Bose,9264243166,Buyer,BUYER
Pranav Kumar,6022768040,Buyer,BUYER
Tanvi Iyer,9989569477,Channel Partner,CHANNEL_PARTNER
Akash Tripathi,7189440114,Enquiry,UNKNOWN
